{"cameraMode":{"drawMode":0,"name":"Shaded","section":"Shading Mode"},"sceneLighting":true,"audioPlay":false,"sceneViewState":{"showFog":true,"showMaterialUpdate":false,"showSkybox":true,"showFlares":true,"showImageEffects":true,"showParticleSystems":true},"in2DMode":false,"pivot":{"x":9.413227081298829,"y":-1.479146957397461,"z":-2.1609725952148439},"rotation":{"x":-0.12105569243431092,"y":-0.08565635979175568,"z":0.010485819540917874,"w":-0.9888880848884583},"size":30.474430084228517,"orthographic":false}